	nconst	count	name
0	nm1469236	4	Olivia Colman
1	nm0048389	4	Dee Bradley Baker
2	nm1102891	4	Kristen Schaal
3	nm0855039	4	David Tennant
4	nm0666739	3	Aaron Paul
5	nm1512156	3	Kate Higgins
6	nm0724656	3	Kevin Michael Richardson
7	nm0523180	3	Yuri Lowenthal
8	nm0071304	3	H. Jon Benjamin
9	nm0217221	3	Grey Griffin
10	nm0444786	3	Tom Kenny
11	nm0714698	3	Lance Reddick
12	nm0324658	3	Walton Goggins
13	nm0847594	3	Junko Takeuchi
14	nm5481013	3	Kaito Ishikawa
15	nm0052186	2	Jonathan Banks
16	nm1546196	2	Matt Berry
17	nm1468944	2	Chie Nakamura
18	nm0648249	2	Timothy Olyphant
19	nm0050959	2	Pedro Pascal
20	nm0100866	2	Julie Bowen
21	nm0682495	2	Wendell Pierce
22	nm0663177	2	Chris Parnell
23	nm3916302	2	Shreya Dhanwanthary
24	nm0068338	2	Kristen Bell
25	nm0097765	2	Johnny Yong Bosch
26	nm0071818	2	Jeff Bennett
27	nm0384211	2	Dulé Hill
28	nm3687902	2	Antonia Thomas
29	nm0657139	2	Romi Park
30	nm0000096	2	Gillian Anderson
31	nm0742146	2	Michael Rosenbaum
32	nm1465001	2	Mamoru Miyano
33	nm5157463	2	Clifford Chapin
34	nm0001724	2	Tony Shalhoub
35	nm0817980	2	Jesse Spencer
36	nm0002064	2	Giancarlo Esposito
37	nm0002907	2	Alexander Skarsgård
38	nm1250791	2	Sterling K. Brown
39	nm0004395	2	Adam Scott
40	nm0004715	2	Will Arnett
41	nm1256532	2	Jon Bernthal
42	nm0004801	2	Nestor Carbonell
43	nm0799777	2	J.K. Simmons
44	nm1396022	2	Anna Torv
45	nm1289414	2	Tôru Ohkawa
46	nm0781899	2	Pamela Adlon
47	nm0778831	2	Andrew Scott
48	nm1312566	2	Kari Wahlgren
49	nm13330335	2	Akdas Hayat
50	nm0005253	2	Elisabeth Moss
51	nm0005299	2	Sarah Paulson
52	nm0745310	2	Bryce Papenbrook
53	nm1555340	2	Alison Brie
54	nm0644022	2	Bob Odenkirk
55	nm0130502	2	Dayton Callie
56	nm0636046	2	Nolan North
57	nm0470244	2	Peter Krause
58	nm0241870	2	Rockmond Dunbar
59	nm0258268	2	Richard Epcar
60	nm0507073	2	Damian Lewis
61	nm0277213	2	Nathan Fillion
62	nm2569233	2	Yûki Kaji
63	nm0281068	2	Maile Flanagan
64	nm0293509	2	Martin Freeman
65	nm0482851	2	Phil LaMarr
66	nm2003700	2	Chace Crawford
67	nm2462004	2	Nobuhiko Okamoto
68	nm2018237	2	Taylor Kitsch
69	nm0538683	2	Mako
70	nm0319121	2	Seth Gilliam
71	nm0334179	2	Lauren Graham
72	nm2088803	2	Yvonne Strahovski
73	nm2092886	2	Jodie Whittaker
74	nm0416699	2	Liam James
75	nm0355024	2	Tony Hale
76	nm0355910	2	Michael C. Hall
77	nm0358316	2	Jon Hamm
78	nm2255973	2	Donald Glover
79	nm2201555	2	Aubrey Plaza
80	nm0235652	2	Ann Dowd
81	nm0539155	2	Paula Malcomson
82	nm0633604	2	John Noble
83	nm0171059	2	Jack Coleman
84	nm5939164	2	Zazie Beetz
85	nm1617276	2	Noriaki Sugiyama
86	nm0607185	2	Jennifer Morrison
87	nm0147147	2	Henry Cavill
88	nm0149950	2	Sarah Chalke
89	nm1635244	2	Susan Kelechi Watson
90	nm0152839	2	Tara Strong
91	nm0166061	2	Christian Clemenson
92	nm0170186	2	Enrico Colantoni
93	nm0586003	2	Vic Mignogna
94	nm0580014	2	Tobias Menzies
95	nm0224007	2	John DiMaggio
96	nm3091777	2	Josh Brener
97	nm0175814	2	Frances Conroy
98	nm1683003	2	Hiro Shimono
99	nm0571727	2	Kevin McKidd
100	nm0186505	2	
101	nm2986974	2	
102	nm1734700	2	
103	nm1741002	2	
104	nm1745019	2	
105	nm0540038	2	
106	nm1204760	2	
107	nm0383603	2	
108	nm6806440	2	
109	nm0868659	2	
110	nm6450743	2	
111	nm1102278	2	
112	nm0000401	2	
113	nm1065454	2	
114	nm1022263	2	
115	nm0851317	2	
116	nm1069584	2	
117	nm0000702	2	
118	nm1035500	2	
119	nm0893257	2	
120	nm0000596	2	
121	nm0910055	2	
122	nm1122026	2	
123	nm0001101	2	
124	nm0922035	2	
125	nm0000867	2	
126	nm0000652	2	
127	nm0000892	2	
128	nm0842596	2	
129	nm0930637	2	
130	nm0878768	2	
131	nm1043186	2	
132	nm0000284	2	
133	nm1072555	2	
134	nm1763577	1	
135	nm1776820	1	
136	nm1778124	1	
137	nm1782292	1	
138	nm1775091	1	
139	nm1782667	1	
140	nm1785339	1	
141	nm1754059	1	
142	nm1775614	1	
143	nm1057077	1	
144	nm1057133	1	
145	nm1754048	1	
146	nm1769728	1	
147	nm1157048	1	
148	nm1056583	1	
149	nm1787501	1	
150	nm1840556	1	
151	nm1837590	1	
152	nm1046097	1	
153	nm1827445	1	
154	nm1824751	1	
155	nm1822045	1	
156	nm1821497	1	
157	nm1821446	1	
158	nm10487216	1	
159	nm1817670	1	
160	nm1816331	1	
161	nm1815689	1	
162	nm10487217	1	
163	nm1813878	1	
164	nm1813534	1	
165	nm1813221	1	
166	nm1807425	1	
167	nm1802006	1	
168	nm1801624	1	
169	nm1753818	1	
170	nm1800339	1	
171	nm1801419	1	
172	nm1058940	1	
173	nm1748388	1	
174	nm1676221	1	
175	nm1070252	1	
176	nm1071252	1	
177	nm1071795	1	
178	nm1670029	1	
179	nm1668372	1	
180	nm1668284	1	
181	nm1667364	1	
182	nm1663252	1	
183	nm1661282	1	
184	nm1660179	1	
185	nm1659348	1	
186	nm1658969	1	
187	nm1652433	1	
188	nm1645304	1	
189	nm1072611	1	
190	nm1635108	1	
191	nm1083271	1	
192	nm1634944	1	
193	nm1631435	1	
194	nm1625669	1	
195	nm1083338	1	
196	nm1674947	1	
197	nm1065664	1	
198	nm1057696	1	
199	nm1682276	1	
200	nm1742119	1	
201	nm1741856	1	
202	nm1057887	1	
203	nm1842344	1	
204	nm1733551	1	
205	nm1731629	1	
206	nm1720779	1	
207	nm1711829	1	
208	nm1708798	1	
209	nm1708414	1	
210	nm1708161	1	
211	nm1707712	1	
212	nm1705034	1	
213	nm1699275	1	
214	nm1698655	1	
215	nm1697606	1	
216	nm10609388	1	
217	nm1063029	1	
218	nm1690270	1	
219	nm1063597	1	
220	nm1682420	1	
221	nm1840659	1	
222	nm1859475	1	
223	nm1843026	1	
224	nm2088699	1	
225	nm2100081	1	
226	nm2095800	1	
227	nm2093766	1	
228	nm1017334	1	
229	nm2093138	1	
230	nm1017951	1	
231	nm2090702	1	
232	nm2089814	1	
233	nm2089388	1	
234	nm1018679	1	
235	nm2087739	1	
236	nm1010931	1	
237	nm2080557	1	
238	nm2080328	1	
239	nm2079028	1	
240	nm2073429	1	
241	nm10228854	1	
242	nm2071482	1	
243	nm2067953	1	
244	nm2065552	1	
245	nm1024677	1	
246	nm2057312	1	
247	nm1015262	1	
248	nm2103508	1	
249	nm1851313	1	
250	nm2159926	1	
251	nm2183200	1	
252	nm2179180	1	
253	nm2179037	1	
254	nm2175486	1	
255	nm2174227	1	
256	nm1004774	1	
257	nm2172512	1	
258	nm2171898	1	
259	nm2171329	1	
260	nm2167957	1	
261	nm2148911	1	
262	nm1009277	1	
263	nm2146022	1	
264	nm2130958	1	
265	nm2130586	1	
266	nm2129662	1	
267	nm2127038	1	
268	nm2113653	1	
269	nm2107620	1	
270	nm2106637	1	
271	nm2106149	1	
272	nm1005514	1	
273	nm2055652	1	
274	nm2054115	1	
275	nm10258882	1	
276	nm1896248	1	
277	nm1036547	1	
278	nm1935086	1	
279	nm1041023	1	
280	nm1926427	1	
281	nm1925154	1	
282	nm1924196	1	
283	nm1913091	1	
284	nm1912642	1	
285	nm1901842	1	
286	nm1900772	1	
287	nm1892960	1	
288	nm2046855	1	
289	nm1890784	1	
290	nm10416037	1	
291	nm1886746	1	
292	nm1872782	1	
293	nm1869664	1	
294	nm1859822	1	
295	nm1083404	1	
296	nm1855651	1	
297	nm1854386	1	
298	nm1851981	1	
299	nm1935952	1	
300	nm1036211	1	
301	nm1938624	1	
302	nm1947611	1	
303	nm2036232	1	
304	nm2031358	1	
305	nm2029859	1	
306	nm2026873	1	
307	nm2023483	1	
308	nm2020015	1	
309	nm10319781	1	
310	nm1032853	1	
311	nm2016685	1	
312	nm2016157	1	
313	nm2014044	1	
314	nm2003884	1	
315	nm1033215	1	
316	nm1034266	1	
317	nm1997596	1	
318	nm1985974	1	
319	nm1982510	1	
320	nm1981533	1	
321	nm1979258	1	
322	nm1978680	1	
323	nm1978325	1	
324	nm1621849	1	
325	nm1601080	1	
326	nm1621032	1	
327	nm1312575	1	
328	nm1338615	1	
329	nm1130627	1	
330	nm1336827	1	
331	nm13352472	1	
332	nm11311964	1	
333	nm1328775	1	
334	nm1328076	1	
335	nm1319592	1	
336	nm1315809	1	
337	nm1315378	1	
338	nm1131557	1	
339	nm1411540	1	
340	nm13119438	1	
341	nm1309787	1	
342	nm1306344	1	
343	nm1304328	1	
344	nm1302735	1	
345	nm1296102	1	
346	nm1132359	1	
347	nm1295570	1	
348	nm1292661	1	
349	nm1136435	1	
350	nm1342513	1	
351	nm1343254	1	
352	nm1128780	1	
353	nm1343638	1	
354	nm1404239	1	
355	nm1402100	1	
356	nm1399925	1	
357	nm1399346	1	
358	nm1391406	1	
359	nm1386659	1	
360	nm1382427	1	
361	nm1382242	1	
362	nm1379938	1	
363	nm1378320	1	
364	nm13728438	1	
365	nm1370269	1	
366	nm1365912	1	
367	nm1361757	1	
368	nm11224843	1	
369	nm1360860	1	
370	nm1360270	1	
371	nm1123750	1	
372	nm1358539	1	
373	nm1356578	1	
374	nm1349199	1	
375	nm1289351	1	
376	nm1285508	1	
377	nm1284391	1	
378	nm1145177	1	
379	nm12280869	1	
380	nm1218621	1	
381	nm1214435	1	
382	nm1212722	1	
383	nm1208004	1	
384	nm1206818	1	
385	nm1146347	1	
386	nm1154764	1	
387	nm1200692	1	
388	nm1200571	1	
389	nm1199888	1	
390	nm1199811	1	
391	nm1185747	1	
392	nm1181180	1	
393	nm1172478	1	
394	nm1171163	1	
395	nm1169428	1	
396	nm1166041	1	
397	nm1164862	1	
398	nm1162030	1	
399	nm1161994	1	
400	nm1145982	1	
401	nm1143816	1	
402	nm1282966	1	
403	nm12294932	1	
404	nm1280183	1	
405	nm1273708	1	
406	nm1269983	1	
407	nm1268375	1	
408	nm1137209	1	
409	nm1140345	1	
410	nm1263939	1	
411	nm1261997	1	
412	nm1140666	1	
413	nm1257280	1	
414	nm1141990	1	
415	nm1255001	1	
416	nm12533029	1	
417	nm1252685	1	
418	nm1142392	1	
419	nm1142722	1	
420	nm1242613	1	
421	nm1240448	1	
422	nm1239499	1	
423	nm1230598	1	
424	nm1229640	1	
425	nm1405398	1	
426	nm1412908	1	
427	nm1620783	1	
428	nm1537825	1	
429	nm1551598	1	
430	nm1550885	1	
431	nm1547964	1	
432	nm1090644	1	
433	nm1546206	1	
434	nm10908350	1	
435	nm1542537	1	
436	nm1540404	1	
437	nm1540024	1	
438	nm1092086	1	
439	nm1535380	1	
440	nm1421465	1	
441	nm1534715	1	
442	nm1092425	1	
443	nm10933572	1	
444	nm1527905	1	
445	nm1526554	1	
446	nm1526225	1	
447	nm1525538	1	
448	nm1524440	1	
449	nm1523587	1	
450	nm1523032	1	
451	nm1554206	1	
452	nm1090070	1	
453	nm1555699	1	
454	nm1556320	1	
455	nm1620545	1	
456	nm1604939	1	
457	nm1602660	1	
458	nm1601397	1	
459	nm1157358	1	
460	nm1597268	1	
461	nm1593460	1	
462	nm1592225	1	
463	nm1589312	1	
464	nm1588066	1	
465	nm1587188	1	
466	nm1584992	1	
467	nm1580911	1	
468	nm1580243	1	
469	nm1085727	1	
470	nm1577637	1	
471	nm1573253	1	
472	nm1570568	1	
473	nm1568512	1	
474	nm1564951	1	
475	nm1089991	1	
476	nm1094137	1	
477	nm1520851	1	
478	nm1515989	1	
479	nm1476601	1	
480	nm1472917	1	
481	nm1470322	1	
482	nm1108664	1	
483	nm11120485	1	
484	nm1468739	1	
485	nm1466859	1	
486	nm1119462	1	
487	nm1463709	1	
488	nm1459109	1	
489	nm1449215	1	
490	nm1446060	1	
491	nm1443644	1	
492	nm1443368	1	
493	nm1442113	1	
494	nm1434871	1	
495	nm1433588	1	
496	nm1431940	1	
497	nm1428827	1	
498	nm1426686	1	
499	nm1423955	1	
500	nm1423048	1	
501	nm1473267	1	
502	nm1107254	1	
503	nm1513684	1	
504	nm1478045	1	
505	nm1508003	1	
506	nm1505056	1	
507	nm1095324	1	
508	nm1502383	1	
509	nm1501388	1	
510	nm1097351	1	
511	nm1099188	1	
512	nm1495520	1	
513	nm1101677	1	
514	nm1494536	1	
515	nm1494168	1	
516	nm1488529	1	
517	nm1486647	1	
518	nm1483369	1	
519	nm1483349	1	
520	nm1483196	1	
521	nm1102140	1	
522	nm1480095	1	
523	nm1479022	1	
524	nm1478079	1	
525	nm11040374	1	
526	nm1503667	1	
527	nm2279940	1	
528	nm2193120	1	
529	nm4800564	1	
530	nm5043859	1	
531	nm5036289	1	
532	nm5023502	1	
533	nm5014874	1	
534	nm4986852	1	
535	nm4972453	1	
536	nm4960279	1	
537	nm4953780	1	
538	nm4929530	1	
539	nm4927704	1	
540	nm4914365	1	
541	nm4808080	1	
542	nm4789912	1	
543	nm3832707	1	
544	nm4785118	1	
545	nm4751364	1	
546	nm4745601	1	
547	nm4704928	1	
548	nm4703025	1	
549	nm4696728	1	
550	nm4696623	1	
551	nm4689420	1	
552	nm4688232	1	
553	nm4651633	1	
554	nm4646711	1	
555	nm4625680	1	
556	nm5054157	1	
557	nm5068369	1	
558	nm5077687	1	
559	nm5079783	1	
560	nm5507408	1	
561	nm5489754	1	
562	nm5483400	1	
563	nm5438541	1	
564	nm5427486	1	
565	nm5419920	1	
566	nm5411494	1	
567	nm5405979	1	
568	nm5357324	1	
569	nm5335029	1	
570	nm5310225	1	
571	nm5256487	1	
572	nm5213224	1	
573	nm5211370	1	
574	nm5204134	1	
575	nm5168315	1	
576	nm5160895	1	
577	nm5154700	1	
578	nm5137121	1	
579	nm5094403	1	
580	nm5093708	1	
581	nm5086277	1	
582	nm5084903	1	
583	nm5082535	1	
584	nm5082529	1	
585	nm4623753	1	
586	nm4597034	1	
587	nm4583876	1	
588	nm4168755	1	
589	nm4123829	1	
590	nm4120909	1	
591	nm4111426	1	
592	nm4101853	1	
593	nm4098180	1	
594	nm4066934	1	
595	nm4064518	1	
596	nm4044551	1	
597	nm4033885	1	
598	nm4032297	1	
599	nm4026222	1	
600	nm3994956	1	
601	nm3985937	1	
602	nm3966184	1	
603	nm3950075	1	
604	nm3948190	1	
605	nm3929195	1	
606	nm3924265	1	
607	nm3918035	1	
608	nm3911870	1	
609	nm3882295	1	
610	nm3877657	1	
611	nm3867591	1	
612	nm3851019	1	
613	nm3849842	1	
614	nm4148126	1	
615	nm4182692	1	
616	nm4576436	1	
617	nm4213877	1	
618	nm4553186	1	
619	nm4544348	1	
620	nm4538500	1	
621	nm4535080	1	
622	nm4521613	1	
623	nm4497454	1	
624	nm4495529	1	
625	nm4482922	1	
626	nm4471003	1	
627	nm4466085	1	
628	nm4464857	1	
629	nm4456120	1	
630	nm4428959	1	
631	nm4425051	1	
632	nm4408716	1	
633	nm4407460	1	
634	nm4406531	1	
635	nm4379836	1	
636	nm4303311	1	
637	nm4289392	1	
638	nm4258553	1	
639	nm4246039	1	
640	nm4245708	1	
641	nm4245240	1	
642	nm4223458	1	
643	nm5527180	1	
644	nm5572919	1	
645	nm5607429	1	
646	nm8226385	1	
647	nm8186266	1	
648	nm8089556	1	
649	nm8082633	1	
650	nm8076281	1	
651	nm8002676	1	
652	nm7968936	1	
653	nm7964030	1	
654	nm7954541	1	
655	nm7947860	1	
656	nm7939956	1	
657	nm7931969	1	
658	nm7802961	1	
659	nm7800057	1	
660	nm7737332	1	
661	nm7676537	1	
662	nm7662000	1	
663	nm7661933	1	
664	nm7645092	1	
665	nm7636946	1	
666	nm7597176	1	
667	nm7583837	1	
668	nm7553526	1	
669	nm7436993	1	
670	nm7384384	1	
671	nm7379039	1	
672	nm8209426	1	
673	nm8287501	1	
674	nm7311131	1	
675	nm8316344	1	
676	nm9925449	1	
677	nm9923141	1	
678	nm9703400	1	
679	nm9665672	1	
680	nm9657240	1	
681	nm9623913	1	
682	nm9617279	1	
683	nm9476408	1	
684	nm9475707	1	
685	nm9341850	1	
686	nm9281686	1	
687	nm9239889	1	
688	nm9209960	1	
689	nm9202509	1	
690	nm8937582	1	
691	nm8908475	1	
692	nm8874222	1	
693	nm8846465	1	
694	nm8846464	1	
695	nm8679026	1	
696	nm8624059	1	
697	nm8488983	1	
698	nm8463347	1	
699	nm8374586	1	
700	nm8324795	1	
701	nm7360356	1	
702	nm7306447	1	
703	nm5608801	1	
704	nm6617152	1	
705	nm6390427	1	
706	nm6381704	1	
707	nm6366417	1	
708	nm6358249	1	
709	nm6354997	1	
710	nm6351089	1	
711	nm6334891	1	
712	nm6200897	1	
713	nm6183420	1	
714	nm6160361	1	
715	nm6150071	1	
716	nm6051304	1	
717	nm6019117	1	
718	nm6016511	1	
719	nm5969653	1	
720	nm5917383	1	
721	nm5891788	1	
722	nm5857106	1	
723	nm5854586	1	
724	nm5798209	1	
725	nm5772354	1	
726	nm5754425	1	
727	nm5719834	1	
728	nm5693918	1	
729	nm5611121	1	
730	nm6449658	1	
731	nm6651644	1	
732	nm7287295	1	
733	nm6722749	1	
734	nm7235880	1	
735	nm7232332	1	
736	nm7214670	1	
737	nm7191504	1	
738	nm7160322	1	
739	nm7140802	1	
740	nm7100086	1	
741	nm7061820	1	
742	nm7051533	1	
743	nm7009857	1	
744	nm6999212	1	
745	nm6981978	1	
746	nm6967441	1	
747	nm6915712	1	
748	nm6892004	1	
749	nm6882537	1	
750	nm6875639	1	
751	nm6857340	1	
752	nm6852371	1	
753	nm6845062	1	
754	nm6845060	1	
755	nm6804376	1	
756	nm6757627	1	
757	nm6741374	1	
758	nm6728658	1	
759	nm3836977	1	
760	nm3827455	1	
761	nm2196406	1	
762	nm2586196	1	
763	nm2704055	1	
764	nm2687923	1	
765	nm2686957	1	
766	nm2686004	1	
767	nm2676147	1	
768	nm2666409	1	
769	nm2654829	1	
770	nm2652716	1	
771	nm2645189	1	
772	nm2633535	1	
773	nm2624923	1	
774	nm2616557	1	
775	nm2584392	1	
776	nm3822030	1	
777	nm2583829	1	
778	nm2573928	1	
779	nm2570706	1	
780	nm2566469	1	
781	nm2554352	1	
782	nm2553987	1	
783	nm2546012	1	
784	nm2540995	1	
785	nm2499064	1	
786	nm2498781	1	
787	nm2493744	1	
788	nm2477681	1	
789	nm2713087	1	
790	nm2728757	1	
791	nm2739851	1	
792	nm2765384	1	
793	nm2858333	1	
794	nm2849998	1	
795	nm2837894	1	
796	nm2836740	1	
797	nm2834669	1	
798	nm2832695	1	
799	nm2829220	1	
800	nm2824707	1	
801	nm2811944	1	
802	nm2809631	1	
803	nm2807560	1	
804	nm2805533	1	
805	nm2798112	1	
806	nm2796047	1	
807	nm2794962	1	
808	nm2794212	1	
809	nm2791093	1	
810	nm2788229	1	
811	nm2788156	1	
812	nm2779018	1	
813	nm2773505	1	
814	nm2772105	1	
815	nm2770525	1	
816	nm2768397	1	
817	nm2765519	1	
818	nm2471798	1	
819	nm2467242	1	
820	nm2466457	1	
821	nm2311303	1	
822	nm2301950	1	
823	nm2282610	1	
824	nm0998211	1	
825	nm2268905	1	
826	nm2268358	1	
827	nm2266787	1	
828	nm2257207	1	
829	nm2253071	1	
830	nm2251884	1	
831	nm2247732	1	
832	nm2247190	1	
833	nm2236560	1	
834	nm2235721	1	
835	nm2233387	1	
836	nm2233310	1	
837	nm2226071	1	
838	nm2217601	1	
839	nm2216549	1	
840	nm2215143	1	
841	nm2213306	1	
842	nm2209821	1	
843	nm2208749	1	
844	nm2201055	1	
845	nm2197298	1	
846	nm2196900	1	
847	nm2309997	1	
848	nm2313758	1	
849	nm2443758	1	
850	nm2315197	1	
851	nm2442289	1	
852	nm2437267	1	
853	nm2436722	1	
854	nm2400045	1	
855	nm2395944	1	
856	nm2391794	1	
857	nm2375297	1	
858	nm2369260	1	
859	nm2368789	1	
860	nm2366374	1	
861	nm2366079	1	
862	nm2363939	1	
863	nm2363049	1	
864	nm2362244	1	
865	nm2358709	1	
866	nm2356940	1	
867	nm2356851	1	
868	nm2354239	1	
869	nm2353862	1	
870	nm2349726	1	
871	nm2341751	1	
872	nm2338470	1	
873	nm2335154	1	
874	nm2322864	1	
875	nm2322853	1	
876	nm2858875	1	
877	nm2860379	1	
878	nm2866876	1	
879	nm3586347	1	
880	nm3582197	1	
881	nm3568698	1	
882	nm3564817	1	
883	nm3557250	1	
884	nm3553139	1	
885	nm3548778	1	
886	nm3536504	1	
887	nm3529685	1	
888	nm3512758	1	
889	nm3509465	1	
890	nm3501146	1	
891	nm3499207	1	
892	nm3492152	1	
893	nm3488008	1	
894	nm3485153	1	
895	nm3474430	1	
896	nm3466819	1	
897	nm3463761	1	
898	nm3458761	1	
899	nm3426369	1	
900	nm3425494	1	
901	nm3400186	1	
902	nm3361199	1	
903	nm3355902	1	
904	nm3340306	1	
905	nm3586035	1	
906	nm3592338	1	
907	nm3276635	1	
908	nm3600780	1	
909	nm3821782	1	
910	nm3813115	1	
911	nm3795370	1	
912	nm3783307	1	
913	nm3780584	1	
914	nm3762213	1	
915	nm3761798	1	
916	nm3754272	1	
917	nm3753283	1	
918	nm3747236	1	
919	nm3743224	1	
920	nm3739013	1	
921	nm3729721	1	
922	nm3728308	1	
923	nm3723888	1	
924	nm3715867	1	
925	nm3701064	1	
926	nm3665668	1	
927	nm3665358	1	
928	nm3664096	1	
929	nm3639013	1	
930	nm3634704	1	
931	nm3629668	1	
932	nm3612908	1	
933	nm3606487	1	
934	nm3299423	1	
935	nm3266068	1	
936	nm2870406	1	
937	nm3075905	1	
938	nm3047806	1	
939	nm3045245	1	
940	nm3044664	1	
941	nm3042755	1	
942	nm3034501	1	
943	nm3024712	1	
944	nm3014031	1	
945	nm3006224	1	
946	nm3005544	1	
947	nm3003911	1	
948	nm2981969	1	
949	nm2975962	1	
950	nm2965271	1	
951	nm2957490	1	
952	nm2955595	1	
953	nm2952873	1	
954	nm2946516	1	
955	nm2945137	1	
956	nm2936993	1	
957	nm2933542	1	
958	nm2932174	1	
959	nm2893431	1	
960	nm2884388	1	
961	nm2876098	1	
962	nm2872264	1	
963	nm3049632	1	
964	nm3077071	1	
965	nm3260333	1	
966	nm3078932	1	
967	nm3254274	1	
968	nm3244078	1	
969	nm3229685	1	
970	nm3229679	1	
971	nm3229215	1	
972	nm3228287	1	
973	nm3223453	1	
974	nm3204288	1	
975	nm3198781	1	
976	nm3192510	1	
977	nm3171185	1	
978	nm3161916	1	
979	nm3160752	1	
980	nm3147751	1	
981	nm3146765	1	
982	nm3138882	1	
983	nm3129311	1	
984	nm3109964	1	
985	nm3103126	1	
986	nm3103119	1	
987	nm3096205	1	
988	nm3095562	1	
989	nm3082341	1	
990	nm3081796	1	
991	nm3079593	1	
992	nm1002609	1	
993	nm0915458	1	
994	nm0997901	1	
995	nm0127373	1	
996	nm0152638	1	
997	nm0152430	1	
998	nm0151668	1	
999	nm0151419	1	
1000	nm0150362	1	
1001	nm0148964	1	
1002	nm0148418	1	
1003	nm0147689	1	
1004	nm0146915	1	
1005	nm0141710	1	
1006	nm0141697	1	
1007	nm0141333	1	
1008	nm0140969	1	
1009	nm0140792	1	
1010	nm0138840	1	
1011	nm0137397	1	
1012	nm0137230	1	
1013	nm0136797	1	
1014	nm0135585	1	
1015	nm0135584	1	
1016	nm0134922	1	
1017	nm0134666	1	
1018	nm0134269	1	
1019	nm0132310	1	
1020	nm0132257	1	
1021	nm0154632	1	
1022	nm0158846	1	
1023	nm0159776	1	
1024	nm0182666	1	
1025	nm0193846	1	
1026	nm0193738	1	
1027	nm0193579	1	
1028	nm0192505	1	
1029	nm0192003	1	
1030	nm0189720	1	
1031	nm0189220	1	
1032	nm0189144	1	
1033	nm0188165	1	
1034	nm0187719	1	
1035	nm0185354	1	
1036	nm0182345	1	
1037	nm0161980	1	
1038	nm0177639	1	
1039	nm0176882	1	
1040	nm0175305	1	
1041	nm0174819	1	
1042	nm0174403	1	
1043	nm0172557	1	
1044	nm0170550	1	
1045	nm0168642	1	
1046	nm0167649	1	
1047	nm0166420	1	
1048	nm0163988	1	
1049	nm0130536	1	
1050	nm0126260	1	
1051	nm0348152	1	
1052	nm0124208	1	
1053	nm0090360	1	
1054	nm0089707	1	
1055	nm0088781	1	
1056	nm0088127	1	
1057	nm0085860	1	
1058	nm0084105	1	
1059	nm0083616	1	
1060	nm0083097	1	
1061	nm0082099	1	
1062	nm0080524	1	
1063	nm0076167	1	
1064	nm0075061	1	
1065	nm0073678	1	
1066	nm0071847	1	
1067	nm0069079	1	
1068	nm0068117	1	
1069	nm0067989	1	
1070	nm0066098	1	
1071	nm0065292	1	
1072	nm0064769	1	
1073	nm0063527	1	
1074	nm0061777	1	
1075	nm0060221	1	
1076	nm0058178	1	
1077	nm0055616	1	
1078	nm0091035	1	
1079	nm0092961	1	
1080	nm0093589	1	
1081	nm0112070	1	
1082	nm0123553	1	
1083	nm0123092	1	
1084	nm0122716	1	
1085	nm0121559	1	
1086	nm0117146	1	
1087	nm0115760	1	
1088	nm0114868	1	
1089	nm0114238	1	
1090	nm0114018	1	
1091	nm0113117	1	
1092	nm0112390	1	
1093	nm0110168	1	
1094	nm0095017	1	
1095	nm0110167	1	
1096	nm0109070	1	
1097	nm0108295	1	
1098	nm0107306	1	
1099	nm0105672	1	
1100	nm0103785	1	
1101	nm0103495	1	
1102	nm0101227	1	
1103	nm0100068	1	
1104	nm0097504	1	
1105	nm0095478	1	
1106	nm0194516	1	
1107	nm0197855	1	
1108	nm0198366	1	
1109	nm0199215	1	
1110	nm0301959	1	
1111	nm0299401	1	
1112	nm0298281	1	
1113	nm0297873	1	
1114	nm0296219	1	
1115	nm0295334	1	
1116	nm0295103	1	
1117	nm0291918	1	
1118	nm0289656	1	
1119	nm0289142	1	
1120	nm0289080	1	
1121	nm0283568	1	
1122	nm0283253	1	
1123	nm0281167	1	
1124	nm0281107	1	
1125	nm0280853	1	
1126	nm0278979	1	
1127	nm0278752	1	
1128	nm0276161	1	
1129	nm0275486	1	
1130	nm0272479	1	
1131	nm0272173	1	
1132	nm0268199	1	
1133	nm0267812	1	
1134	nm0265670	1	
1135	nm0302330	1	
1136	nm0302502	1	
1137	nm0303073	1	
1138	nm0322513	1	
1139	nm0342399	1	
1140	nm0341737	1	
1141	nm0339460	1	
1142	nm0339011	1	
1143	nm0337020	1	
1144	nm0334561	1	
1145	nm0334318	1	
1146	nm0334159	1	
1147	nm0331906	1	
1148	nm0329481	1	
1149	nm0327764	1	
1150	nm0322002	1	
1151	nm0305083	1	
1152	nm0319171	1	
1153	nm0318703	1	
1154	nm0318543	1	
1155	nm0316079	1	
1156	nm0314514	1	
1157	nm0312217	1	
1158	nm0309650	1	
1159	nm0309461	1	
1160	nm0308606	1	
1161	nm0307531	1	
1162	nm0306201	1	
1163	nm0265668	1	
1164	nm0264579	1	
1165	nm0263283	1	
1166	nm0219835	1	
1167	nm0230655	1	
1168	nm0228960	1	
1169	nm0228105	1	
1170	nm0227759	1	
1171	nm0227576	1	
1172	nm0225549	1	
1173	nm0223518	1	
1174	nm0222336	1	
1175	nm0222175	1	
1176	nm0221046	1	
1177	nm0221043	1	
1178	nm0219748	1	
1179	nm0232998	1	
1180	nm0219465	1	
1181	nm0219329	1	
1182	nm0218810	1	
1183	nm0215229	1	
1184	nm0213897	1	
1185	nm0211087	1	
1186	nm0207691	1	
1187	nm0206359	1	
1188	nm0205626	1	
1189	nm0202970	1	
1190	nm0201000	1	
1191	nm0231283	1	
1192	nm0233215	1	
1193	nm0261678	1	
1194	nm0251678	1	
1195	nm0261435	1	
1196	nm0260601	1	
1197	nm0257969	1	
1198	nm0257826	1	
1199	nm0256318	1	
1200	nm0256237	1	
1201	nm0255124	1	
1202	nm0254402	1	
1203	nm0252961	1	
1204	nm0252238	1	
1205	nm0251872	1	
1206	nm0251526	1	
1207	nm0234668	1	
1208	nm0249046	1	
1209	nm0247040	1	
1210	nm0243233	1	
1211	nm0243085	1	
1212	nm0243082	1	
1213	nm0242954	1	
1214	nm0242656	1	
1215	nm0238546	1	
1216	nm0237065	1	
1217	nm0235960	1	
1218	nm0235261	1	
1219	nm0051469	1	
1220	nm0051397	1	
1221	nm0048932	1	
1222	nm0001644	1	
1223	nm0001233	1	
1224	nm0001212	1	
1225	nm0001209	1	
1226	nm0001208	1	
1227	nm0001187	1	
1228	nm0001185	1	
1229	nm0001172	1	
1230	nm0001160	1	
1231	nm0001143	1	
1232	nm0001131	1	
1233	nm0001099	1	
1234	nm0001096	1	
1235	nm0001089	1	
1236	nm0001086	1	
1237	nm0001085	1	
1238	nm0001082	1	
1239	nm0001043	1	
1240	nm0001038	1	
1241	nm0001029	1	
1242	nm0001015	1	
1243	nm0001004	1	
1244	nm0000929	1	
1245	nm0000870	1	
1246	nm0000798	1	
1247	nm0000719	1	
1248	nm0001278	1	
1249	nm0001291	1	
1250	nm0001319	1	
1251	nm0001525	1	
1252	nm0001629	1	
1253	nm0001616	1	
1254	nm0001610	1	
1255	nm0001597	1	
1256	nm0001593	1	
1257	nm0001579	1	
1258	nm0001578	1	
1259	nm0001573	1	
1260	nm0001543	1	
1261	nm0001538	1	
1262	nm0001527	1	
1263	nm0001524	1	
1264	nm0001324	1	
1265	nm0001523	1	
1266	nm0001521	1	
1267	nm0001505	1	
1268	nm0001499	1	
1269	nm0001494	1	
1270	nm0001492	1	
1271	nm0001473	1	
1272	nm0001459	1	
1273	nm0001346	1	
1274	nm0001339	1	
1275	nm0001326	1	
1276	nm0000705	1	
1277	nm0000703	1	
1278	nm0000686	1	
1279	nm0000256	1	
1280	nm0000368	1	
1281	nm0000362	1	
1282	nm0000360	1	
1283	nm0000352	1	
1284	nm0000331	1	
1285	nm0000312	1	
1286	nm0000298	1	
1287	nm0000291	1	
1288	nm0000289	1	
1289	nm0000285	1	
1290	nm0000270	1	
1291	nm0000239	1	
1292	nm0000379	1	
1293	nm0000228	1	
1294	nm0000225	1	
1295	nm0000213	1	
1296	nm0000191	1	
1297	nm0000190	1	
1298	nm0000173	1	
1299	nm0000159	1	
1300	nm0000141	1	
1301	nm0000132	1	
1302	nm0000126	1	
1303	nm0000114	1	
1304	nm0000374	1	
1305	nm0000385	1	
1306	nm0000685	1	
1307	nm0000579	1	
1308	nm0000681	1	
1309	nm0000677	1	
1310	nm0000671	1	
1311	nm0000662	1	
1312	nm0000656	1	
1313	nm0000638	1	
1314	nm0000633	1	
1315	nm0000630	1	
1316	nm0000619	1	
1317	nm0000603	1	
1318	nm0000586	1	
1319	nm0000571	1	
1320	nm0000405	1	
1321	nm0000550	1	
1322	nm0000531	1	
1323	nm0000529	1	
1324	nm0000523	1	
1325	nm0000513	1	
1326	nm0000506	1	
1327	nm0000494	1	
1328	nm0000439	1	
1329	nm0000438	1	
1330	nm0000437	1	
1331	nm0000434	1	
1332	nm0001634	1	
1333	nm0001664	1	
1334	nm0048075	1	
1335	nm0001667	1	
1336	nm0007893	1	
1337	nm0006970	1	
1338	nm0006713	1	
1339	nm0006710	1	
1340	nm0006670	1	
1341	nm0006610	1	
1342	nm0005606	1	
1343	nm0005577	1	
1344	nm0005562	1	
1345	nm0005559	1	
1346	nm0005531	1	
1347	nm0005527	1	
1348	nm0005485	1	
1349	nm0005443	1	
1350	nm0005438	1	
1351	nm0005431	1	
1352	nm0005408	1	
1353	nm0005393	1	
1354	nm0005392	1	
1355	nm0005342	1	
1356	nm0005321	1	
1357	nm0005315	1	
1358	nm0005306	1	
1359	nm0005265	1	
1360	nm0005260	1	
1361	nm0009918	1	
1362	nm0010075	1	
1363	nm0011882	1	
1364	nm0034962	1	
1365	nm0046277	1	
1366	nm0046112	1	
1367	nm0046033	1	
1368	nm0043855	1	
1369	nm0043709	1	
1370	nm0041281	1	
1371	nm0040857	1	
1372	nm0040753	1	
1373	nm0040739	1	
1374	nm0040653	1	
1375	nm0035514	1	
1376	nm0034877	1	
1377	nm0012523	1	
1378	nm0033550	1	
1379	nm0032628	1	
1380	nm0031679	1	
1381	nm0030969	1	
1382	nm0025458	1	
1383	nm0024404	1	
1384	nm0022306	1	
1385	nm0022261	1	
1386	nm0019885	1	
1387	nm0013037	1	
1388	nm0012962	1	
1389	nm0005256	1	
1390	nm0005251	1	
1391	nm0005245	1	
1392	nm0002364	1	
1393	nm0004821	1	
1394	nm0004802	1	
1395	nm0004770	1	
1396	nm0004748	1	
1397	nm0004747	1	
1398	nm0004724	1	
1399	nm0004710	1	
1400	nm0004371	1	
1401	nm0004051	1	
1402	nm0003214	1	
1403	nm0002536	1	
1404	nm0002117	1	
1405	nm0004898	1	
1406	nm0002102	1	
1407	nm0001974	1	
1408	nm0001840	1	
1409	nm0001835	1	
1410	nm0001832	1	
1411	nm0001806	1	
1412	nm0001796	1	
1413	nm0001787	1	
1414	nm0001767	1	
1415	nm0001688	1	
1416	nm0001669	1	
1417	nm0004825	1	
1418	nm0004910	1	
1419	nm0005231	1	
1420	nm0005067	1	
1421	nm0005218	1	
1422	nm0005216	1	
1423	nm0005211	1	
1424	nm0005210	1	
1425	nm0005188	1	
1426	nm0005154	1	
1427	nm0005138	1	
1428	nm0005128	1	
1429	nm0005120	1	
1430	nm0005105	1	
1431	nm0005095	1	
1432	nm0005064	1	
1433	nm0004959	1	
1434	nm0005045	1	
1435	nm0005031	1	
1436	nm0005030	1	
1437	nm0005025	1	
1438	nm0005011	1	
1439	nm0004999	1	
1440	nm0004993	1	
1441	nm0004991	1	
1442	nm0004989	1	
1443	nm0004988	1	
1444	nm0004978	1	
1445	nm0344894	1	
1446	nm0348231	1	
1447	nm0997115	1	
1448	nm0728132	1	
1449	nm0771414	1	
1450	nm0770087	1	
1451	nm0767443	1	
1452	nm0765815	1	
1453	nm0764527	1	
1454	nm0763650	1	
1455	nm0762191	1	
1456	nm0759525	1	
1457	nm0757327	1	
1458	nm0755603	1	
1459	nm0755267	1	
1460	nm0754526	1	
1461	nm0751089	1	
1462	nm0750971	1	
1463	nm0745751	1	
1464	nm0744776	1	
1465	nm0744331	1	
1466	nm0741398	1	
1467	nm0741103	1	
1468	nm0735226	1	
1469	nm0734442	1	
1470	nm0732793	1	
1471	nm0731927	1	
1472	nm0731897	1	
1473	nm0728762	1	
1474	nm0771493	1	
1475	nm0773884	1	
1476	nm0775087	1	
1477	nm0790688	1	
1478	nm0809860	1	
1479	nm0807767	1	
1480	nm0806968	1	
1481	nm0805476	1	
1482	nm0803890	1	
1483	nm0802876	1	
1484	nm0801043	1	
1485	nm0800770	1	
1486	nm0800179	1	
1487	nm0796875	1	
1488	nm0791968	1	
1489	nm0790057	1	
1490	nm0776040	1	
1491	nm0788335	1	
1492	nm0787715	1	
1493	nm0786641	1	
1494	nm0786136	1	
1495	nm0785854	1	
1496	nm0782840	1	
1497	nm0781981	1	
1498	nm0781533	1	
1499	nm0781238	1	
1500	nm0780678	1	
1501	nm0780336	1	
1502	nm0728647	1	
1503	nm0726262	1	
1504	nm0348962	1	
1505	nm0722629	1	
1506	nm0687146	1	
1507	nm0686009	1	
1508	nm0684877	1	
1509	nm0683467	1	
1510	nm0682960	1	
1511	nm0681949	1	
1512	nm0681782	1	
1513	nm0680983	1	
1514	nm0677944	1	
1515	nm0677397	1	
1516	nm0676370	1	
1517	nm0675730	1	
1518	nm0672303	1	
1519	nm0671793	1	
1520	nm0671032	1	
1521	nm0669667	1	
1522	nm0669132	1	
1523	nm0666398	1	
1524	nm0665473	1	
1525	nm0665256	1	
1526	nm0664499	1	
1527	nm0663546	1	
1528	nm0663469	1	
1529	nm0662504	1	
1530	nm0661825	1	
1531	nm0688132	1	
1532	nm0690186	1	
1533	nm0690754	1	
1534	nm0707983	1	
1535	nm0721332	1	
1536	nm0719678	1	
1537	nm0717709	1	
1538	nm0716293	1	
1539	nm0716275	1	
1540	nm0714310	1	
1541	nm0712603	1	
1542	nm0711805	1	
1543	nm0711110	1	
1544	nm0708981	1	
1545	nm0708381	1	
1546	nm0707476	1	
1547	nm0692677	1	
1548	nm0707214	1	
1549	nm0704802	1	
1550	nm0704270	1	
1551	nm0703939	1	
1552	nm0702841	1	
1553	nm0701457	1	
1554	nm0700856	1	
1555	nm0700712	1	
1556	nm0696387	1	
1557	nm0695435	1	
1558	nm0693243	1	
1559	nm0810397	1	
1560	nm0811027	1	
1561	nm0812308	1	
1562	nm0813812	1	
1563	nm0926697	1	
1564	nm0926165	1	
1565	nm0924154	1	
1566	nm0920038	1	
1567	nm0919991	1	
1568	nm0917962	1	
1569	nm0917320	1	
1570	nm0917060	1	
1571	nm0916518	1	
1572	nm0916267	1	
1573	nm0915762	1	
1574	nm0915637	1	
1575	nm0000098	1	
1576	nm0915208	1	
1577	nm0913587	1	
1578	nm0913460	1	
1579	nm0912040	1	
1580	nm0909768	1	
1581	nm0909412	1	
1582	nm0908116	1	
1583	nm0908070	1	
1584	nm0907708	1	
1585	nm0906945	1	
1586	nm0904967	1	
1587	nm0901403	1	
1588	nm0930898	1	
1589	nm0931060	1	
1590	nm0931324	1	
1591	nm0946793	1	
1592	nm0992538	1	
1593	nm0992184	1	
1594	nm0991810	1	
1595	nm0990547	1	
1596	nm0971135	1	
1597	nm0960912	1	
1598	nm0956526	1	
1599	nm0954036	1	
1600	nm0953882	1	
1601	nm0951420	1	
1602	nm0946962	1	
1603	nm0945322	1	
1604	nm0931898	1	
1605	nm0942482	1	
1606	nm0940851	1	
1607	nm0940504	1	
1608	nm0940362	1	
1609	nm0940158	1	
1610	nm0939697	1	
1611	nm0935395	1	
1612	nm0935042	1	
1613	nm0933988	1	
1614	nm0933156	1	
1615	nm0932302	1	
1616	nm0893247	1	
1617	nm0891863	1	
1618	nm0885840	1	
1619	nm0832314	1	
1620	nm0844172	1	
1621	nm0841448	1	
1622	nm0840436	1	
1623	nm0839934	1	
1624	nm0839326	1	
1625	nm0838360	1	
1626	nm0838059	1	
1627	nm0837177	1	
1628	nm0835939	1	
1629	nm0834989	1	
1630	nm0834947	1	
1631	nm0831601	1	
1632	nm0848451	1	
1633	nm0829620	1	
1634	nm0829134	1	
1635	nm0829032	1	
1636	nm0827565	1	
1637	nm0827561	1	
1638	nm0827170	1	
1639	nm0824763	1	
1640	nm0821836	1	
1641	nm0821612	1	
1642	nm0820783	1	
1643	nm0817027	1	
1644	nm0845941	1	
1645	nm0848801	1	
1646	nm0885090	1	
1647	nm0861558	1	
1648	nm0881631	1	
1649	nm0878940	1	
1650	nm0878349	1	
1651	nm0877430	1	
1652	nm0876958	1	
1653	nm0876805	1	
1654	nm0876138	1	
1655	nm0874129	1	
1656	nm0870794	1	
1657	nm0864997	1	
1658	nm0862328	1	
1659	nm0861361	1	
1660	nm0849612	1	
1661	nm0861075	1	
1662	nm0860947	1	
1663	nm0860749	1	
1664	nm0860690	1	
1665	nm0859720	1	
1666	nm0857620	1	
1667	nm0857173	1	
1668	nm0855967	1	
1669	nm0853231	1	
1670	nm0852939	1	
1671	nm0852517	1	
1672	nm0661713	1	
1673	nm0661407	1	
1674	nm0659544	1	
1675	nm0517642	1	
1676	nm0487406	1	
1677	nm0484178	1	
1678	nm0480798	1	
1679	nm0477127	1	
1680	nm0473873	1	
1681	nm0471381	1	
1682	nm0471036	1	
1683	nm0467177	1	
1684	nm0461746	1	
1685	nm0460694	1	
1686	nm0458136	1	
1687	nm0457655	1	
1688	nm0455057	1	
1689	nm0453746	1	
1690	nm0446672	1	
1691	nm0443509	1	
1692	nm0443286	1	
1693	nm0440229	1	
1694	nm0439813	1	
1695	nm0437454	1	
1696	nm0436965	1	
1697	nm0434223	1	
1698	nm0433692	1	
1699	nm0430667	1	
1700	nm0429069	1	
1701	nm0488273	1	
1702	nm0488662	1	
1703	nm0491402	1	
1704	nm0505734	1	
1705	nm0516127	1	
1706	nm0516003	1	
1707	nm0515116	1	
1708	nm0512934	1	
1709	nm0512627	1	
1710	nm0511892	1	
1711	nm0511088	1	
1712	nm0508139	1	
1713	nm0507659	1	
1714	nm0506405	1	
1715	nm0505971	1	
1716	nm0504320	1	
1717	nm0493279	1	
1718	nm0502342	1	
1719	nm0502015	1	
1720	nm0500894	1	
1721	nm0500359	1	
1722	nm0498449	1	
1723	nm0498247	1	
1724	nm0498076	1	
1725	nm0498046	1	
1726	nm0497631	1	
1727	nm0497522	1	
1728	nm0496934	1	
1729	nm0427964	1	
1730	nm0426841	1	
1731	nm0425982	1	
1732	nm0371660	1	
1733	nm0383533	1	
1734	nm0382110	1	
1735	nm0379114	1	
1736	nm0378245	1	
1737	nm0377580	1	
1738	nm0376716	1	
1739	nm0375138	1	
1740	nm0375101	1	
1741	nm0374865	1	
1742	nm0373100	1	
1743	nm0372176	1	
1744	nm0371342	1	
1745	nm0385644	1	
1746	nm0370035	1	
1747	nm0369954	1	
1748	nm0369513	1	
1749	nm0365631	1	
1750	nm0362766	1	
1751	nm0359577	1	
1752	nm0359322	1	
1753	nm0358922	1	
1754	nm0358460	1	
1755	nm0356003	1	
1756	nm0352705	1	
1757	nm0385639	1	
1758	nm0385792	1	
1759	nm0425543	1	
1760	nm0409850	1	
1761	nm0424035	1	
1762	nm0421822	1	
1763	nm0420898	1	
1764	nm0419813	1	
1765	nm0416524	1	
1766	nm0415382	1	
1767	nm0414772	1	
1768	nm0413052	1	
1769	nm0411384	1	
1770	nm0411167	1	
1771	nm0410347	1	
1772	nm0409287	1	
1773	nm0388382	1	
1774	nm0405103	1	
1775	nm0402360	1	
1776	nm0402271	1	
1777	nm0397928	1	
1778	nm0396558	1	
1779	nm0395398	1	
1780	nm0395203	1	
1781	nm0395196	1	
1782	nm0391326	1	
1783	nm0389581	1	
1784	nm0389069	1	
1785	nm0516266	1	
1786	nm0518511	1	
1787	nm0659363	1	
1788	nm0519456	1	
1789	nm0619077	1	
1790	nm0615266	1	
1791	nm0614877	1	
1792	nm0614165	1	
1793	nm0611295	1	
1794	nm0610459	1	
1795	nm0609944	1	
1796	nm0609114	1	
1797	nm0607920	1	
1798	nm0607865	1	
1799	nm0607175	1	
1800	nm0606487	1	
1801	nm0606439	1	
1802	nm0605788	1	
1803	nm0605079	1	
1804	nm0604784	1	
1805	nm0601553	1	
1806	nm0597410	1	
1807	nm0597388	1	
1808	nm0595485	1	
1809	nm0593734	1	
1810	nm0593267	1	
1811	nm0589505	1	
1812	nm0587431	1	
1813	nm0586994	1	
1814	nm0619828	1	
1815	nm0620657	1	
1816	nm0625529	1	
1817	nm0642109	1	
1818	nm0655585	1	
1819	nm0655218	1	
1820	nm0654648	1	
1821	nm0648486	1	
1822	nm0647698	1	
1823	nm0646568	1	
1824	nm0646021	1	
1825	nm0644897	1	
1826	nm0644406	1	
1827	nm0642368	1	
1828	nm0642145	1	
1829	nm0641389	1	
1830	nm0627624	1	
1831	nm0641354	1	
1832	nm0638706	1	
1833	nm0636562	1	
1834	nm0635851	1	
1835	nm0635820	1	
1836	nm0635139	1	
1837	nm0634297	1	
1838	nm0633989	1	
1839	nm0630379	1	
1840	nm0628601	1	
1841	nm0628120	1	
1842	nm0586568	1	
1843	nm0586565	1	
1844	nm0579795	1	
1845	nm0533914	1	
1846	nm0544334	1	
1847	nm0543383	1	
1848	nm0542759	1	
1849	nm0542668	1	
1850	nm0541310	1	
1851	nm0540216	1	
1852	nm0536883	1	
1853	nm0536705	1	
1854	nm0535741	1	
1855	nm0534772	1	
1856	nm0534115	1	
1857	nm0533599	1	
1858	nm0550371	1	
1859	nm0532928	1	
1860	nm0532683	1	
1861	nm0532461	1	
1862	nm0532193	1	
1863	nm0531808	1	
1864	nm0528936	1	
1865	nm0527523	1	
1866	nm0526616	1	
1867	nm0526019	1	
1868	nm0525855	1	
1869	nm0522479	1	
1870	nm0544718	1	
1871	nm0552509	1	
1872	nm0574534	1	
1873	nm0567031	1	
1874	nm0574131	1	
1875	nm0573862	1	
1876	nm0573406	1	
1877	nm0571930	1	
1878	nm0571443	1	
1879	nm0571106	1	
1880	nm0570364	1	
1881	nm0569295	1	
1882	nm0568914	1	
1883	nm0568772	1	
1884	nm0568390	1	
1885	nm0566332	1	
1886	nm0553036	1	
1887	nm0566049	1	
1888	nm0565366	1	
1889	nm0565250	1	
1890	nm0564724	1	
1891	nm0564697	1	
1892	nm0564548	1	
1893	nm0564350	1	
1894	nm0557733	1	
1895	nm0556165	1	
1896	nm0555094	1	
1897	nm0553468	1	
1898	nm9937520	1	
